epoch,time,train/box_loss,train/cls_loss,train/l1_loss,metrics/precision(B),metrics/recall(B),metrics/mAP50(B),metrics/mAP50-95(B),val/box_loss,val/cls_loss,val/l1_loss,lr/pg0,lr/pg1,lr/pg2
1,15.1352,1.30424,5.04316,0.00943,0,0,0,0,0.6049,2.70204,0.00278,0.000592593,0.000592593,0.000592593
2,29.051,1.38127,4.56791,0.01357,0,0,0,0,0.60524,2.74035,0.00291,0.00125912,0.00125912,0.00125912
3,43.2379,1.5907,3.24008,0.01269,0,0,0,0,0.63695,2.63024,0.00333,0.00192509,0.00192509,0.00192509
4,57.2157,1.45433,3.41884,0.01179,0,0,0,0,0.74758,2.56476,0.00396,0.00199805,0.00199805,0.00199805
5,71.1053,1.67841,3.18182,0.01426,0.5,0.09091,0.095,0.0285,0.78834,2.39475,0.00397,0.00199653,0.00199653,0.00199653
6,85.8471,1.70989,3.35643,0.01721,0,0,0,0,0.7982,2.29082,0.00538,0.00199458,0.00199458,0.00199458
7,100.008,1.46874,2.93123,0.01247,0.33333,0.54545,0.46529,0.18623,0.81043,2.13626,0.00555,0.00199219,0.00199219,0.00199219
8,122.426,1.60981,2.98343,0.01501,0.13699,0.90909,0.56509,0.32542,0.58195,1.82778,0.00333,0.00198938,0.00198938,0.00198938
9,136.897,1.61249,2.66636,0.01397,0.08235,0.63636,0.45682,0.23297,0.73175,1.96789,0.00408,0.00198614,0.00198614,0.00198614
10,154.771,1.60424,2.78232,0.01232,0.12329,0.81818,0.38284,0.195,0.83777,1.9448,0.00477,0.00198246,0.00198246,0.00198246
11,169.089,1.56366,2.64856,0.01346,0.07006,1,0.45642,0.26533,0.88566,1.60792,0.00545,0.00197837,0.00197837,0.00197837
12,183.43,1.64901,2.5207,0.01575,0.11031,0.81818,0.27291,0.13482,0.92792,1.60294,0.00662,0.00197384,0.00197384,0.00197384
13,198.012,1.6604,2.5997,0.01288,0.24154,0.09091,0.29026,0.11365,0.92088,1.60014,0.00578,0.0019689,0.0019689,0.0019689
14,213.39,1.52792,2.49567,0.01301,0.15677,0.45455,0.23409,0.0935,0.91989,1.77274,0.00552,0.00196353,0.00196353,0.00196353
15,228.284,1.606,2.54483,0.01427,0.02885,0.81818,0.2149,0.07584,1.15258,1.84473,0.00776,0.00195775,0.00195775,0.00195775
16,242.136,1.41155,2.17979,0.01142,0.34208,0.14672,0.31726,0.1312,1.06871,1.60987,0.00791,0.00195155,0.00195155,0.00195155
17,256.682,1.64621,2.18647,0.01192,0.15863,0.09091,0.26223,0.15362,0.76967,1.368,0.00596,0.00194493,0.00194493,0.00194493
18,270.951,1.58954,2.0282,0.01211,0.59742,0.27273,0.4587,0.21403,0.83329,1.49797,0.00592,0.00193791,0.00193791,0.00193791
19,285.449,1.40722,2.3738,0.01288,0.69249,0.27273,0.40652,0.15398,0.97979,1.53294,0.00658,0.00193048,0.00193048,0.00193048
20,300.382,1.8571,1.97731,0.01492,0.6669,0.27273,0.39207,0.15466,0.95524,1.43447,0.00608,0.00192264,0.00192264,0.00192264
21,314.732,1.71779,2.0381,0.01678,0.35253,0.54545,0.43724,0.24904,0.94925,1.05532,0.007,0.00191441,0.00191441,0.00191441
22,329.158,1.65996,2.16227,0.01636,0.56951,0.27273,0.4121,0.21969,0.85723,1.42216,0.00592,0.00190578,0.00190578,0.00190578
23,342.71,1.55407,2.2566,0.01089,0.67129,0.45455,0.4529,0.23011,0.72323,1.39632,0.00411,0.00189675,0.00189675,0.00189675
24,357.713,1.8005,2.5438,0.01303,0.63581,0.54545,0.53196,0.19021,0.91012,1.23025,0.00541,0.00188734,0.00188734,0.00188734
25,372.767,1.6211,2.18172,0.01448,0.39489,0.63636,0.44476,0.15671,0.94011,1.19783,0.00685,0.00187754,0.00187754,0.00187754
26,387.986,1.41829,1.86317,0.01526,0.16368,0.36364,0.15799,0.07849,0.87066,1.40754,0.00716,0.00186737,0.00186737,0.00186737
27,401.97,1.66382,2.13271,0.01441,0.15959,0.36364,0.1396,0.06893,0.86252,1.4538,0.00695,0.00185681,0.00185681,0.00185681
28,416.669,1.69186,2.0182,0.01589,0.62537,0.54545,0.51257,0.22463,0.8886,1.27971,0.00558,0.00184588,0.00184588,0.00184588
29,431.263,1.67741,1.9188,0.01704,0.96142,0.63636,0.65024,0.22183,0.9661,1.2801,0.00599,0.00183459,0.00183459,0.00183459
30,445.028,1.47757,1.71461,0.01271,0.96478,0.54545,0.67038,0.23324,0.93718,1.30915,0.00551,0.00182294,0.00182294,0.00182294
31,460.1,1.51236,1.57989,0.01319,1,0.57419,0.66232,0.24761,0.83579,1.29776,0.00459,0.00181093,0.00181093,0.00181093
32,474.268,1.45238,1.75158,0.01334,0.92347,0.54545,0.64773,0.28182,0.89381,1.18642,0.00556,0.00179856,0.00179856,0.00179856
33,488.309,1.44349,1.50286,0.00998,0.72149,0.63636,0.635,0.33411,0.86403,1.1614,0.00562,0.00178586,0.00178586,0.00178586
34,501.657,1.38382,2.01792,0.01109,0.64461,0.54545,0.59485,0.26673,0.96,1.15226,0.0077,0.00177281,0.00177281,0.00177281
35,515.507,1.56615,1.71362,0.01523,0.72861,0.27273,0.53096,0.21178,1.11639,1.48527,0.00853,0.00175943,0.00175943,0.00175943
36,529.126,1.6007,1.97004,0.01242,0.77953,0.32643,0.51125,0.2136,1.11637,1.44999,0.00759,0.00174571,0.00174571,0.00174571
37,543.028,1.60507,1.47896,0.01038,0.72001,0.70308,0.55934,0.26763,0.82032,1.25357,0.00592,0.00173168,0.00173168,0.00173168
38,557.025,1.48772,1.52406,0.01177,0.55053,0.72727,0.51268,0.2863,0.67285,1.26566,0.00455,0.00171733,0.00171733,0.00171733
39,571.524,1.50912,1.56888,0.0111,0.57993,0.5044,0.46104,0.24778,0.76575,1.2075,0.00554,0.00170267,0.00170267,0.00170267
40,585.496,1.58819,1.4201,0.0133,0.58864,0.45455,0.47484,0.23191,0.81374,1.22511,0.00513,0.0016877,0.0016877,0.0016877
41,600.387,1.47366,1.29069,0.01234,0.69949,0.63498,0.56171,0.3492,0.68947,1.12422,0.00407,0.00167244,0.00167244,0.00167244
42,614.062,1.4182,1.29912,0.01435,0.82777,0.54545,0.675,0.29342,0.79588,1.20322,0.00469,0.00165689,0.00165689,0.00165689
43,627.884,1.37103,1.34825,0.01517,0.46505,0.45455,0.4556,0.18358,0.87794,1.30166,0.00611,0.00164105,0.00164105,0.00164105
44,641.695,1.67552,1.51465,0.01384,0.39102,0.41058,0.45675,0.26795,0.85583,1.08385,0.00683,0.00162494,0.00162494,0.00162494
45,655.85,1.48847,1.47783,0.01045,0.48012,0.45455,0.41093,0.23146,0.87019,0.96454,0.00628,0.00160855,0.00160855,0.00160855
46,670.708,1.49532,1.18832,0.01481,0.78577,0.45455,0.52617,0.3229,0.75501,0.96581,0.00526,0.00159191,0.00159191,0.00159191
47,684.736,1.46281,1.28993,0.01443,0.68057,0.45455,0.47787,0.30955,0.7112,1.14562,0.00474,0.00157501,0.00157501,0.00157501
48,698.49,1.55041,1.55455,0.01332,1,0.44262,0.58609,0.38908,0.70301,1.14019,0.0051,0.00155786,0.00155786,0.00155786
49,711.778,1.36133,1.25151,0.01245,0.6623,0.45455,0.5507,0.3781,0.71302,1.09692,0.00482,0.00154047,0.00154047,0.00154047
50,725.814,1.40273,1.62685,0.0102,0.93406,0.45455,0.57168,0.27332,0.84493,1.04735,0.00505,0.00152285,0.00152285,0.00152285
51,739.861,1.55878,1.66471,0.01361,0.63388,0.45455,0.54062,0.19986,0.91718,1.12174,0.00542,0.001505,0.001505,0.001505
52,754.165,1.38408,1.03821,0.01136,0.68563,0.39984,0.52864,0.23767,0.79448,1.38553,0.00501,0.00148694,0.00148694,0.00148694
53,767.419,1.42947,1.27885,0.00981,0.79946,0.36265,0.47221,0.24179,0.71347,1.50813,0.00427,0.00146866,0.00146866,0.00146866
54,781.218,1.46913,1.23282,0.01108,0.67538,0.54545,0.518,0.30673,0.77152,1.28495,0.00485,0.00145019,0.00145019,0.00145019
55,795.194,1.27975,1.13743,0.0096,0.64669,0.54545,0.4935,0.28764,0.83544,1.20525,0.00575,0.00143152,0.00143152,0.00143152
56,809.855,1.49213,1.31685,0.01276,0.5161,0.45455,0.46744,0.24809,0.83063,1.14576,0.00572,0.00141267,0.00141267,0.00141267
57,824.93,1.39884,1.30909,0.00999,0.46097,0.62276,0.39133,0.18019,0.80613,1.24097,0.00498,0.00139364,0.00139364,0.00139364
58,840.115,1.29173,1.15232,0.00997,0.59068,0.45455,0.52701,0.23227,0.86698,1.0855,0.0053,0.00137444,0.00137444,0.00137444
59,854.508,1.31396,1.18867,0.01041,0.50829,0.63636,0.48688,0.23631,0.86499,1.06418,0.00501,0.00135509,0.00135509,0.00135509
60,868.554,1.25937,0.99094,0.01101,0.50356,0.63636,0.50035,0.25911,0.71789,1.22191,0.00375,0.00133558,0.00133558,0.00133558
61,882.18,1.13653,0.99048,0.01021,0.57231,0.36364,0.49551,0.27029,0.7472,1.32792,0.00453,0.00131593,0.00131593,0.00131593
62,896.372,1.52811,1.05604,0.01066,0.74515,0.36364,0.37605,0.19061,0.72533,1.63988,0.00481,0.00129614,0.00129614,0.00129614
63,910.302,1.25599,1.08664,0.00797,0.60881,0.27273,0.39266,0.21023,0.69061,1.6483,0.00419,0.00127623,0.00127623,0.00127623
64,923.836,1.279,1.1697,0.01274,0.55821,0.36364,0.46724,0.27699,0.68444,1.33442,0.00438,0.0012562,0.0012562,0.0012562
65,937.635,1.21814,1.19009,0.01102,0.57741,0.54545,0.5301,0.31148,0.69125,1.03356,0.00489,0.00123607,0.00123607,0.00123607
66,951.168,1.17992,1.18324,0.00908,0.75398,0.55848,0.63049,0.34068,0.68591,1.0008,0.00475,0.00121583,0.00121583,0.00121583
67,965.228,1.09002,1.00108,0.0095,0.56362,0.47104,0.55693,0.30668,0.68923,1.24024,0.0044,0.00119551,0.00119551,0.00119551
68,979.379,1.23475,1.03384,0.01123,0.70896,0.22795,0.47136,0.23284,0.83133,1.3679,0.00582,0.0011751,0.0011751,0.0011751
69,994.244,1.09412,1.05803,0.00855,0.46027,0.36364,0.46149,0.23198,0.89167,1.46244,0.00617,0.00115462,0.00115462,0.00115462
70,1007.89,1.1491,0.90809,0.00852,0.54977,0.54545,0.5225,0.32008,0.81649,1.43153,0.00577,0.00113408,0.00113408,0.00113408
71,1021.9,1.24782,1.01623,0.01137,0.78871,0.54545,0.55866,0.31193,0.85154,1.31018,0.00555,0.00111348,0.00111348,0.00111348
72,1035.61,1.10775,0.92303,0.00624,1,0.51999,0.587,0.32281,0.89773,1.21805,0.00602,0.00109284,0.00109284,0.00109284
73,1049.9,1.12347,0.9371,0.01127,0.64762,0.5039,0.54846,0.31847,0.85571,1.19434,0.00593,0.00107216,0.00107216,0.00107216
74,1063.78,1.27121,0.85247,0.00986,0.83625,0.54545,0.60123,0.31068,0.84238,1.19019,0.00548,0.00105146,0.00105146,0.00105146
75,1077.79,1.22699,0.97966,0.00661,0.84386,0.54545,0.65735,0.31831,0.90102,1.16472,0.00569,0.00103073,0.00103073,0.00103073
76,1092.27,1.25536,1.31811,0.01131,0.77504,0.6274,0.64714,0.27829,0.95121,1.18707,0.00599,0.00101,0.00101,0.00101
77,1106.58,1.26691,0.91092,0.01201,0.68064,0.63636,0.60943,0.29629,0.8353,1.1748,0.00505,0.000989267,0.000989267,0.000989267
78,1120.45,1.08057,0.77642,0.0078,0.6452,0.66288,0.6455,0.33845,0.71662,1.11601,0.00436,0.000968543,0.000968543,0.000968543
